[{"id": 2, "nome": "Jo\u00e3o Pedro Silva de Oliveira", "email": "noltib@gmail.com", "fone": "84988431104", "senha": "1234"}, {"id": 1, "nome": "Andr\u00e9 Isaque", "email": "isaqueandre750@gmail.com", "fone": "84999216583", "senha": "1234"}, {"id": 3, "nome": "Carlas Eduarda", "email": "admin", "fone": "9002-8922", "senha": "1234"}, {"id": 4, "nome": "Wagner", "email": "wag@wag", "fone": "123", "senha": "1234"}, {"id": 5, "nome": "Fernanda", "email": "MARIANANDA@email.com", "fone": "23", "senha": "1234"}, {"id": 6, "nome": "admina", "email": "admin@email.com", "fone": "33", "senha": "1234"}]