[{"id": 4, "data": "27/10/2025 23:12", "confirmado": false, "id_cliente": 1, "id_profissional": 0, "id_servico": 2}, {"id": 5, "data": "30/10/2025 10:00", "confirmado": false, "id_cliente": null, "id_profissional": 2, "id_servico": null}, {"id": 10, "data": "28/10/2025 11:15", "confirmado": false, "id_cliente": null, "id_profissional": 2, "id_servico": null}, {"id": 11, "data": "28/10/2025 12:00", "confirmado": false, "id_cliente": null, "id_profissional": 2, "id_servico": null}, {"id": 8, "data": "30/10/2025 11:00", "confirmado": false, "id_cliente": 1, "id_profissional": 2, "id_servico": null}, {"id": 13, "data": "10/11/2025 11:15", "confirmado": false, "id_cliente": null, "id_profissional": 1, "id_servico": null}, {"id": 12, "data": "10/11/2025 10:30", "confirmado": false, "id_cliente": 1, "id_profissional": 1, "id_servico": 3}, {"id": 6, "data": "30/10/2025 10:20", "confirmado": true, "id_cliente": 1, "id_profissional": 2, "id_servico": null}, {"id": 7, "data": "30/10/2025 10:40", "confirmado": true, "id_cliente": 1, "id_profissional": 2, "id_servico": 3}, {"id": 14, "data": "22/11/2025 10:20", "confirmado": false, "id_cliente": null, "id_profissional": 2, "id_servico": null}, {"id": 16, "data": "22/11/2025 10:30", "confirmado": false, "id_cliente": null, "id_profissional": 2, "id_servico": null}, {"id": 15, "data": "22/11/2025 10:25", "confirmado": true, "id_cliente": 4, "id_profissional": 2, "id_servico": 3}, {"id": 17, "data": "04/11/2025 10:30", "confirmado": false, "id_cliente": null, "id_profissional": 1, "id_servico": null}, {"id": 18, "data": "04/11/2025 18:00", "confirmado": false, "id_cliente": null, "id_profissional": 1, "id_servico": null}, {"id": 2, "data": "27/10/2025 22:48", "confirmado": true, "id_cliente": 1, "id_profissional": 2, "id_servico": 3}, {"id": 19, "data": "22/11/2025 10:30", "confirmado": false, "id_cliente": null, "id_profissional": 1, "id_servico": null}, {"id": 20, "data": "20/11/2025 20:20", "confirmado": false, "id_cliente": null, "id_profissional": 2, "id_servico": null}, {"id": 21, "data": "20/11/2025 20:40", "confirmado": false, "id_cliente": null, "id_profissional": 2, "id_servico": null}, {"id": 22, "data": "20/11/2025 21:00", "confirmado": false, "id_cliente": null, "id_profissional": 2, "id_servico": null}, {"id": 23, "data": "20/11/2025 21:20", "confirmado": false, "id_cliente": null, "id_profissional": 2, "id_servico": null}, {"id": 24, "data": "20/11/2025 21:40", "confirmado": false, "id_cliente": null, "id_profissional": 2, "id_servico": null}, {"id": 25, "data": "20/11/2025 22:00", "confirmado": false, "id_cliente": null, "id_profissional": 2, "id_servico": null}, {"id": 26, "data": "20/11/2025 22:20", "confirmado": false, "id_cliente": null, "id_profissional": 2, "id_servico": null}, {"id": 27, "data": "20/11/2025 22:40", "confirmado": false, "id_cliente": null, "id_profissional": 2, "id_servico": null}, {"id": 28, "data": "20/11/2025 23:00", "confirmado": false, "id_cliente": null, "id_profissional": 2, "id_servico": null}, {"id": 29, "data": "20/11/2025 23:20", "confirmado": false, "id_cliente": null, "id_profissional": 2, "id_servico": null}, {"id": 30, "data": "20/11/2025 23:40", "confirmado": false, "id_cliente": null, "id_profissional": 2, "id_servico": null}, {"id": 31, "data": "21/11/2025 00:00", "confirmado": false, "id_cliente": null, "id_profissional": 2, "id_servico": null}, {"id": 32, "data": "21/11/2025 00:20", "confirmado": false, "id_cliente": null, "id_profissional": 2, "id_servico": null}, {"id": 33, "data": "21/11/2025 00:40", "confirmado": false, "id_cliente": null, "id_profissional": 2, "id_servico": null}, {"id": 34, "data": "21/11/2025 01:00", "confirmado": false, "id_cliente": null, "id_profissional": 2, "id_servico": null}, {"id": 35, "data": "21/11/2025 01:20", "confirmado": false, "id_cliente": null, "id_profissional": 2, "id_servico": null}, {"id": 36, "data": "21/11/2025 01:40", "confirmado": false, "id_cliente": null, "id_profissional": 2, "id_servico": null}, {"id": 37, "data": "21/11/2025 02:00", "confirmado": false, "id_cliente": null, "id_profissional": 2, "id_servico": null}, {"id": 38, "data": "21/11/2025 02:20", "confirmado": false, "id_cliente": null, "id_profissional": 2, "id_servico": null}, {"id": 39, "data": "21/11/2025 02:40", "confirmado": false, "id_cliente": null, "id_profissional": 2, "id_servico": null}, {"id": 40, "data": "21/11/2025 03:00", "confirmado": false, "id_cliente": null, "id_profissional": 2, "id_servico": null}, {"id": 41, "data": "21/11/2025 03:20", "confirmado": false, "id_cliente": null, "id_profissional": 2, "id_servico": null}, {"id": 42, "data": "21/11/2025 03:40", "confirmado": false, "id_cliente": null, "id_profissional": 2, "id_servico": null}, {"id": 43, "data": "21/11/2025 04:00", "confirmado": false, "id_cliente": null, "id_profissional": 2, "id_servico": null}, {"id": 44, "data": "21/11/2025 04:20", "confirmado": false, "id_cliente": null, "id_profissional": 2, "id_servico": null}, {"id": 45, "data": "21/11/2025 04:40", "confirmado": false, "id_cliente": null, "id_profissional": 2, "id_servico": null}, {"id": 46, "data": "21/11/2025 05:00", "confirmado": false, "id_cliente": null, "id_profissional": 2, "id_servico": null}, {"id": 47, "data": "21/11/2025 05:20", "confirmado": false, "id_cliente": null, "id_profissional": 2, "id_servico": null}, {"id": 48, "data": "21/11/2025 05:40", "confirmado": false, "id_cliente": null, "id_profissional": 2, "id_servico": null}, {"id": 49, "data": "21/11/2025 06:00", "confirmado": false, "id_cliente": null, "id_profissional": 2, "id_servico": null}, {"id": 50, "data": "21/11/2025 06:20", "confirmado": false, "id_cliente": null, "id_profissional": 2, "id_servico": null}, {"id": 51, "data": "21/11/2025 06:40", "confirmado": false, "id_cliente": null, "id_profissional": 2, "id_servico": null}, {"id": 52, "data": "21/11/2025 07:00", "confirmado": false, "id_cliente": null, "id_profissional": 2, "id_servico": null}, {"id": 53, "data": "21/11/2025 07:20", "confirmado": false, "id_cliente": null, "id_profissional": 2, "id_servico": null}, {"id": 54, "data": "21/11/2025 07:40", "confirmado": false, "id_cliente": null, "id_profissional": 2, "id_servico": null}, {"id": 55, "data": "21/11/2025 08:00", "confirmado": false, "id_cliente": null, "id_profissional": 2, "id_servico": null}, {"id": 56, "data": "21/11/2025 08:20", "confirmado": false, "id_cliente": null, "id_profissional": 2, "id_servico": null}, {"id": 57, "data": "21/11/2025 08:40", "confirmado": false, "id_cliente": null, "id_profissional": 2, "id_servico": null}, {"id": 58, "data": "21/11/2025 09:00", "confirmado": false, "id_cliente": null, "id_profissional": 2, "id_servico": null}, {"id": 59, "data": "21/11/2025 09:20", "confirmado": false, "id_cliente": null, "id_profissional": 2, "id_servico": null}, {"id": 60, "data": "21/11/2025 09:40", "confirmado": false, "id_cliente": null, "id_profissional": 2, "id_servico": null}, {"id": 61, "data": "21/11/2025 10:00", "confirmado": false, "id_cliente": null, "id_profissional": 2, "id_servico": null}, {"id": 62, "data": "21/11/2025 10:20", "confirmado": false, "id_cliente": null, "id_profissional": 2, "id_servico": null}, {"id": 63, "data": "21/11/2025 10:40", "confirmado": false, "id_cliente": null, "id_profissional": 2, "id_servico": null}, {"id": 65, "data": "27/11/2025 10:30", "confirmado": false, "id_cliente": null, "id_profissional": 2, "id_servico": null}, {"id": 66, "data": "27/11/2025 10:42", "confirmado": false, "id_cliente": null, "id_profissional": 2, "id_servico": null}, {"id": 67, "data": "27/11/2025 10:54", "confirmado": false, "id_cliente": null, "id_profissional": 2, "id_servico": null}, {"id": 68, "data": "27/11/2025 11:06", "confirmado": false, "id_cliente": null, "id_profissional": 2, "id_servico": null}, {"id": 69, "data": "27/11/2025 11:18", "confirmado": false, "id_cliente": null, "id_profissional": 2, "id_servico": null}, {"id": 70, "data": "27/11/2025 11:30", "confirmado": false, "id_cliente": null, "id_profissional": 2, "id_servico": null}, {"id": 71, "data": "27/11/2025 11:42", "confirmado": false, "id_cliente": null, "id_profissional": 2, "id_servico": null}, {"id": 72, "data": "27/11/2025 11:54", "confirmado": false, "id_cliente": null, "id_profissional": 2, "id_servico": null}, {"id": 73, "data": "27/11/2025 12:06", "confirmado": false, "id_cliente": null, "id_profissional": 2, "id_servico": null}, {"id": 74, "data": "27/11/2025 12:18", "confirmado": false, "id_cliente": null, "id_profissional": 2, "id_servico": null}, {"id": 75, "data": "27/11/2025 12:30", "confirmado": false, "id_cliente": null, "id_profissional": 2, "id_servico": null}, {"id": 64, "data": "20/11/2025 10:30", "confirmado": true, "id_cliente": 1, "id_profissional": 2, "id_servico": 6}, {"id": 3, "data": "27/10/2025 22:48", "confirmado": true, "id_cliente": 2, "id_profissional": 0, "id_servico": 2}, {"id": 76, "data": "03/12/2025 17:45", "confirmado": false, "id_cliente": null, "id_profissional": 2, "id_servico": null}, {"id": 77, "data": "03/12/2025 17:55", "confirmado": false, "id_cliente": null, "id_profissional": 2, "id_servico": null}, {"id": 78, "data": "03/12/2025 18:05", "confirmado": false, "id_cliente": null, "id_profissional": 2, "id_servico": null}, {"id": 79, "data": "08/11/2025 16:20", "confirmado": false, "id_cliente": 5, "id_profissional": 3, "id_servico": null}, {"id": 80, "data": "08/11/2025 16:00", "confirmado": false, "id_cliente": 5, "id_profissional": 3, "id_servico": null}, {"id": 81, "data": "08/11/2025 16:00", "confirmado": false, "id_cliente": null, "id_profissional": 1, "id_servico": null}, {"id": 82, "data": "08/11/2025 16:00", "confirmado": false, "id_cliente": null, "id_profissional": 1, "id_servico": null}, {"id": 83, "data": "08/11/2025 16:10", "confirmado": false, "id_cliente": null, "id_profissional": 1, "id_servico": null}, {"id": 84, "data": "08/11/2025 16:20", "confirmado": false, "id_cliente": null, "id_profissional": 1, "id_servico": null}, {"id": 85, "data": "08/11/2025 16:30", "confirmado": false, "id_cliente": null, "id_profissional": 1, "id_servico": null}, {"id": 86, "data": "08/11/2025 16:40", "confirmado": false, "id_cliente": null, "id_profissional": 1, "id_servico": null}, {"id": 87, "data": "08/11/2025 16:50", "confirmado": false, "id_cliente": null, "id_profissional": 1, "id_servico": null}, {"id": 88, "data": "08/11/2025 17:00", "confirmado": false, "id_cliente": null, "id_profissional": 1, "id_servico": null}, {"id": 89, "data": "08/11/2025 17:10", "confirmado": false, "id_cliente": null, "id_profissional": 1, "id_servico": null}, {"id": 90, "data": "08/11/2025 17:20", "confirmado": false, "id_cliente": null, "id_profissional": 1, "id_servico": null}, {"id": 91, "data": "08/11/2025 17:30", "confirmado": false, "id_cliente": null, "id_profissional": 1, "id_servico": null}, {"id": 92, "data": "08/11/2025 17:40", "confirmado": false, "id_cliente": null, "id_profissional": 1, "id_servico": null}, {"id": 93, "data": "08/11/2025 17:50", "confirmado": false, "id_cliente": null, "id_profissional": 1, "id_servico": null}, {"id": 94, "data": "08/11/2025 18:00", "confirmado": false, "id_cliente": null, "id_profissional": 1, "id_servico": null}, {"id": 95, "data": "08/11/2025 18:10", "confirmado": false, "id_cliente": null, "id_profissional": 1, "id_servico": null}, {"id": 96, "data": "08/11/2025 18:20", "confirmado": false, "id_cliente": null, "id_profissional": 1, "id_servico": null}, {"id": 97, "data": "08/11/2025 18:30", "confirmado": false, "id_cliente": null, "id_profissional": 1, "id_servico": null}, {"id": 98, "data": "08/11/2025 18:40", "confirmado": false, "id_cliente": null, "id_profissional": 1, "id_servico": null}, {"id": 99, "data": "08/11/2025 18:50", "confirmado": false, "id_cliente": null, "id_profissional": 1, "id_servico": null}, {"id": 100, "data": "08/11/2025 19:00", "confirmado": false, "id_cliente": null, "id_profissional": 1, "id_servico": null}]