[{"id": 3, "nome": "Sebasti\u00e3o Pedro", "especialidade": "Rela\u00e7\u00f5es Internacionais", "conselho": "UNP", "email": "sebas@email.com", "senha": "1234"}, {"id": 2, "nome": "Dani Freitas", "especialidade": "Design Web", "conselho": "JS, HTML, CSS.", "email": "dani@freitas.com", "senha": "INFOWEB2024"}, {"id": 4, "nome": "Alexandre Gomes", "especialidade": "L\u00f3gica e Programa", "conselho": "Coordena\u00e7\u00e3o", "email": "gomes@alex.com", "senha": "INFOWEB2024"}, {"id": 1, "nome": "Gilbert", "especialidade": "Professor de Inform\u00e1tica", "conselho": "Pedagogia", "email": "gilbertgil@email.com", "senha": "INFOWEB2024"}]